<bundle-app name='Run_Coordinator_Jobs' xmlns:xsi='http://www.w3.org/2001/XMLSchema-instance' xmlns='uri:oozie:bundle:0.1'> 
   <controls>
       <kick-off-time>2018-04-02T07:40Z</kick-off-time>
   </controls>

   <coordinator name='BundleJobForCoordBranch' >
       <app-path>${nameNode}/user/maria_dev/Credit_Card_System/coordinator_Branch.xml</app-path>
   </coordinator>

   <coordinator name='BundleJobForCoordCreditCard' >
       <app-path>${nameNode}/user/maria_dev/Credit_Card_System/coordinator_CreditCard.xml</app-path>    
   </coordinator>

   <coordinator name='BundleJobForCoordCustomer' >
       <app-path>${nameNode}/user/maria_dev/Credit_Card_System/coordinator_Customer.xml</app-path>    
   </coordinator>

   <coordinator name='BundleJobForCoordTime' >
       <app-path>${nameNode}/user/maria_dev/Credit_Card_System/coordinator_Time.xml</app-path>     
   </coordinator>

</bundle-app>