<coordinator-app xmlns = "uri:oozie:coordinator:0.2" name = "hcoord_create_Branch_Table_load_Data"  frequency="20" start = "2018-04-02T07:40Z" end = "2018-04-02T08:00Z" timezone = "America/New_York" >

 <controls>
	 <timeout>1</timeout>
	 <concurrency>1</concurrency>
	 <execution>FIFO</execution>
	 <throttle>1</throttle>
 </controls>

 <action>
	 <workflow>
	 	<app-path>${nameNode}/user/maria_dev/Credit_Card_System/workflow_Branch.xml</app-path>
	 </workflow>
 </action>

</coordinator-app>