<workflow-app xmlns="uri:oozie:workflow:0.2" name="scoop job delete files">
	  <start to = "Drop_Customer_Table" />

	 <action name = "Drop_Customer_Table">
		<hive xmlns = "uri:oozie:hive-action:0.4">
			<job-tracker>${jobTracker}</job-tracker>
			<name-node>${nameNode}</name-node>
			<script>${nameNode}/user/maria_dev/Credit_Card_System/Drop_Customer_Table.hive</script>
		</hive>
		<ok to = "Create_Customer_Table" />
		<error to = "kill_job" />
	 </action>

	 <action name = "Create_Customer_Table">
		<hive xmlns = "uri:oozie:hive-action:0.4">
			<job-tracker>${jobTracker}</job-tracker>
			<name-node>${nameNode}</name-node>
			<script>${nameNode}/user/maria_dev/Credit_Card_System/CreateCustomerTable.hive</script>
		</hive>
		<ok to = "Scoop_Job_Customer_Table" />
		<error to = "kill_job" />
	 </action>

	 <action name = "Scoop_Job_Customer_Table">
		 <sqoop xmlns="uri:oozie:sqoop-action:0.2">
			 <job-tracker>${jobTracker}</job-tracker>
			 <name-node>${nameNode}</name-node>
			 <prepare>
			 	<delete path="${jobOutput_Customer}"/>
			 </prepare>
			 <arg>job</arg>
			 <arg>--meta-connect</arg>
			 <arg>jdbc:hsqldb:hsql://sandbox.hortonworks.com:16000/sqoop</arg>
			 <arg>--exec</arg>
			 <arg>importCustomerTable</arg>
			 <archive>/user/maria_dev/Credit_Card_System/java-json.jar#java-json.jar</archive>
		 </sqoop>
	 	<ok to = "end" />
		<error to = "kill_job" />
	 </action>
 	
 	 <kill name = "kill_job">
 		<message>Job failed</message>
 	 </kill>
 	 <end name = "end" />
</workflow-app>