<bundle-app name='Run_Coordinator_Jobs' xmlns:xsi='http://www.w3.org/2001/XMLSchema-instance' xmlns='uri:oozie:bundle:0.1'> 
   <controls>
       <kick-off-time>2018-04-02T08:00Z</kick-off-time>
   </controls>

   <coordinator name='BundleUpJobForCoordBranch' >
       <app-path>${nameNode}/user/maria_dev/Credit_Card_System/coordinator_Update_Branch.xml</app-path>
   </coordinator>

   <coordinator name='BundleApJobForCoordCreditCard' >
       <app-path>${nameNode}/user/maria_dev/Credit_Card_System/coordinator_Append_Credit_Card.xml</app-path>    
   </coordinator>

   <coordinator name='BundleUpJobForCoordCustomer' >
       <app-path>${nameNode}/user/maria_dev/Credit_Card_System/coordinator_Update_Customer.xml</app-path>    
   </coordinator>

   <coordinator name='BundleApJobForCoordTime' >
       <app-path>${nameNode}/user/maria_dev/Credit_Card_System/coordinator_Append_Time.xml</app-path>     
   </coordinator>

</bundle-app>