<workflow-app xmlns="uri:oozie:workflow:0.2" name="scoop job append time table">
	 <start to = "Scoop_Job_Append_Time_Table" />

	 <action name = "Scoop_Job_Append_Time_Table">
		 <sqoop xmlns="uri:oozie:sqoop-action:0.2">
			 <job-tracker>${jobTracker}</job-tracker>
			 <name-node>${nameNode}</name-node>
			 <arg>job</arg>
			 <arg>--meta-connect</arg>
			 <arg>jdbc:hsqldb:hsql://sandbox.hortonworks.com:16000/sqoop</arg>
			 <arg>--exec</arg>
			 <arg>appendTimeTable</arg>
			 <archive>/user/maria_dev/Credit_Card_System/java-json.jar#java-json.jar</archive>
		 </sqoop>
	 	<ok to = "end" />
		<error to = "kill_job" />
	 </action>
 	
 	 <kill name = "kill_job">
 		<message>Job failed</message>
 	 </kill>
 	 <end name = "end" />
</workflow-app>